{
  "version": 2,
  "data": {
    "defiledlands:desert_defiled": "PLAINS",
    "defiledlands:forest_tenebra": "FOREST",
    "defiledlands:forest_vilespine": "FOREST",
    "defiledlands:hills_defiled": "MOUNTAINS_NAKED",
    "defiledlands:ice_plains_defiled": "SNOW",
    "defiledlands:plains_defiled": "PLAINS",
    "defiledlands:swamp_defiled": "SWAMP",
    "iceandfire:glacier": "SNOW",
    "minecraft:beaches": "SHORE",
    "minecraft:birch_forest": "BIRCH",
    "minecraft:birch_forest_hills": "BIRCH_HILLS",
    "minecraft:cold_beach": "SHORE",
    "minecraft:deep_ocean": "WATER",
    "minecraft:desert": "DESERT",
    "minecraft:desert_hills": "DESERT_HILLS",
    "minecraft:extreme_hills": "MOUNTAINS",
    "minecraft:extreme_hills_with_trees": "MOUNTAINS_ALL",
    "minecraft:forest": "FOREST",
    "minecraft:forest_hills": "FOREST_HILLS",
    "minecraft:frozen_ocean": "ICE",
    "minecraft:frozen_river": "ICE",
    "minecraft:hell": "CAVE_WALLS",
    "minecraft:ice_flats": "SNOW",
    "minecraft:ice_mountains": "SNOW_HILLS",
    "minecraft:jungle": "JUNGLE",
    "minecraft:jungle_edge": "JUNGLE_EDGE",
    "minecraft:jungle_hills": "JUNGLE_HILLS",
    "minecraft:mesa": "MESA",
    "minecraft:mesa_clear_rock": "PLATEAU_MESA",
    "minecraft:mesa_rock": "PLATEAU_MESA_TREES",
    "minecraft:mushroom_island": "MUSHROOM",
    "minecraft:mushroom_island_shore": "SHORE",
    "minecraft:mutated_birch_forest": "TALL_BIRCH",
    "minecraft:mutated_birch_forest_hills": "TALL_BIRCH_HILLS",
    "minecraft:mutated_desert": "DESERT",
    "minecraft:mutated_extreme_hills": "MOUNTAINS_SNOW_CAPS",
    "minecraft:mutated_extreme_hills_with_trees": "MOUNTAINS_SNOW_CAPS",
    "minecraft:mutated_forest": "FOREST_FLOWERS",
    "minecraft:mutated_ice_flats": "ICE_SPIKES",
    "minecraft:mutated_jungle": "JUNGLE_CLIFFS",
    "minecraft:mutated_jungle_edge": "JUNGLE_EDGE_HILLS",
    "minecraft:mutated_mesa": "BRYCE",
    "minecraft:mutated_mesa_clear_rock": "PLATEAU_MESA_LOW",
    "minecraft:mutated_mesa_rock": "PLATEAU_MESA_TREES_LOW",
    "minecraft:mutated_plains": "SUNFLOWERS",
    "minecraft:mutated_redwood_taiga": "MEGA_SPRUCE",
    "minecraft:mutated_redwood_taiga_hills": "MEGA_SPRUCE_HILLS",
    "minecraft:mutated_roofed_forest": "DENSE_FOREST_HILLS",
    "minecraft:mutated_savanna": "SAVANNA_CLIFFS",
    "minecraft:mutated_savanna_rock": "PLATEAU_SAVANNA_M",
    "minecraft:mutated_swampland": "SWAMP_HILLS",
    "minecraft:mutated_taiga": "PINES_HILLS",
    "minecraft:mutated_taiga_cold": "SNOW_PINES_HILLS",
    "minecraft:ocean": "WATER",
    "minecraft:plains": "PLAINS",
    "minecraft:redwood_taiga": "MEGA_TAIGA",
    "minecraft:redwood_taiga_hills": "MEGA_TAIGA_HILLS",
    "minecraft:river": "WATER",
    "minecraft:roofed_forest": "DENSE_FOREST",
    "minecraft:savanna": "SAVANNA",
    "minecraft:savanna_rock": "PLATEAU_SAVANNA",
    "minecraft:sky": "SHORE",
    "minecraft:smaller_extreme_hills": "MOUNTAINS",
    "minecraft:stone_beach": "ROCK_SHORE",
    "minecraft:swampland": "SWAMP",
    "minecraft:taiga": "PINES",
    "minecraft:taiga_cold": "SNOW_PINES",
    "minecraft:taiga_cold_hills": "SNOW_PINES_HILLS",
    "minecraft:taiga_hills": "PINES_HILLS",
    "minecraft:void": "END_VOID",
    "traverse:arid_highland": "MOUNTAINS_NAKED",
    "traverse:autumnal_wooded_hills": "FOREST_HILLS",
    "traverse:autumnal_woods": "FOREST",
    "traverse:badlands": "DESERT",
    "traverse:birch_forested_hills": "FOREST_HILLS",
    "traverse:canyon": "PLAINS",
    "traverse:cliffs": "MOUNTAINS_NAKED",
    "traverse:crag_cliffs": "PLAINS",
    "traverse:desert_shrubland": "PLAINS",
    "traverse:forested_hills": "FOREST_HILLS",
    "traverse:glacier": "MOUNTAINS_NAKED",
    "traverse:glacier_spikes": "MOUNTAINS_NAKED",
    "traverse:green_swamp": "SWAMP",
    "traverse:lush_hills": "HILLS",
    "traverse:meadow": "PLAINS",
    "traverse:mini_jungle": "JUNGLE",
    "traverse:mountainous_desert": "MOUNTAINS_NAKED",
    "traverse:red_desert": "PLAINS",
    "traverse:rocky_plains": "HILLS",
    "traverse:rocky_plateau": "MOUNTAINS_NAKED",
    "traverse:snowy_coniferous_forest": "PINES",
    "traverse:temperate_rainforest": "PINES",
    "traverse:thicket": "DENSE_FOREST",
    "traverse:woodlands": "PLAINS"
  }
}