{
  "name": "behemoth",
  "class": "com.lycanitesmobs.demonmobs.entity.EntityBehemoth",
  "loadDefault": true,
  "enabled": true,
  "spawning": {
    "enabled": true,
    "spawners": [
      "monster",
      "beast",
      "portal",
      "nether"
    ],
    "disableSubspecies": false,
    "dimensionIds": [
      -1
    ],
    "dimensionListType": "whitelist",
    "ignoreBiome": true,
    "biomes": [
      "nether"
    ],
    "spawnWeight": 4,
    "dungeonWeight": 200,
    "spawnAreaLimit": 5,
    "spawnGroupMin": 1,
    "spawnGroupMax": 3,
    "spawnsInLight": true,
    "spawnsInDark": true,
    "worldDayMin": -1,
    "despawnNatural": true,
    "despawnForced": false
  },
  "width": 1.0,
  "height": 3.2,
  "experience": 10,
  "health": 40,
  "defense": 2,
  "armor": 0,
  "speed": 24,
  "damage": 2,
  "attackSpeed": 1,
  "rangedSpeed": 0.25,
  "effect": 5,
  "amplifier": 0,
  "pierce": 1,
  "sight": 16,
  "knockbackResistance": 0.25,
  "eggBackColor": "#FF2222",
  "eggForeColor": "#FF9900",
  "subspecies": [
    {
      "index": 1,
      "name": "russet",
      "type": "uncommon"
    },
    {
      "index": 2,
      "name": "dark",
      "type": "uncommon"
    }
  ],
  "element": "void",
  "peaceful": false,
  "summonable": true,
  "tameable": false,
  "mountable": false,
  "summonCost": 6,
  "dungeonLevel": 2,
  "drops": [
    {
      "item": "minecraft:skull",
      "metadata": 1,
      "minAmount": 1,
      "maxAmount": 1,
      "chance": 0.25
    },
    {
      "item": "demonmobs:hellfirecharge",
      "minAmount": 1,
      "maxAmount": 3,
      "chance": 1
    }
  ],
  "sizeScale": 1,
  "hitboxScale": 1
}