{
  "name": "cacodemon",
  "class": "com.lycanitesmobs.demonmobs.entity.EntityCacodemon",
  "loadDefault": true,
  "enabled": true,
  "spawning": {
    "enabled": true,
    "spawners": [
      "nethersky",
      "portal"
    ],
    "disableSubspecies": false,
    "dimensionIds": [
      -1
    ],
    "dimensionListType": "whitelist",
    "ignoreBiome": true,
    "biomes": [
      "nether"
    ],
    "spawnWeight": 4,
    "dungeonWeight": 200,
    "spawnAreaLimit": 5,
    "spawnGroupMin": 1,
    "spawnGroupMax": 3,
    "spawnsInLight": true,
    "spawnsInDark": true,
    "worldDayMin": -1,
    "despawnNatural": true,
    "despawnForced": false
  },
  "width": 1.9,
  "height": 1.9,
  "experience": 10,
  "health": 20,
  "defense": 1,
  "armor": 0,
  "speed": 24,
  "damage": 3,
  "attackSpeed": 1,
  "rangedSpeed": 0.25,
  "effect": 5,
  "amplifier": 0,
  "pierce": 1,
  "sight": 32,
  "knockbackResistance": 0,
  "eggBackColor": "#FF0000",
  "eggForeColor": "#000099",
  "subspecies": [
    {
      "index": 1,
      "name": "russet",
      "type": "uncommon"
    },
    {
      "index": 2,
      "name": "violet",
      "type": "uncommon"
    },
    {
      "index": 3,
      "name": "ebon",
      "type": "rare"
    }
  ],
  "element": "nether",
  "peaceful": false,
  "summonable": false,
  "tameable": true,
  "mountable": true,
  "summonCost": 2,
  "dungeonLevel": 3,
  "drops": [
    {
      "item": "minecraft:ghast_tear",
      "minAmount": 1,
      "maxAmount": 3,
      "chance": 1
    },
    {
      "item": "minecraft:gunpowder",
      "minAmount": 1,
      "maxAmount": 6,
      "chance": 0.5
    },
    {
      "item": "minecraft:blaze_powder",
      "minAmount": 1,
      "maxAmount": 6,
      "chance": 0.5
    },
    {
      "item": "demonmobs:demoniclightningcharge",
      "minAmount": 1,
      "maxAmount": 1,
      "chance": 0.75
    },
    {
      "item": "demonmobs:soulstonedemonic",
      "minAmount": 1,
      "maxAmount": 1,
      "chance": 1,
      "subspecies": 3
    }
  ],
  "sizeScale": 1,
  "hitboxScale": 1
}