{
  "name": "ioray",
  "class": "com.lycanitesmobs.freshwatermobs.entity.EntityIoray",
  "loadDefault": true,
  "enabled": true,
  "spawning": {
    "enabled": true,
    "spawners": [
      "water",
      "waterfloor"
    ],
    "disableSubspecies": false,
    "dimensionIds": [
      -1,
      1
    ],
    "dimensionListType": "blacklist",
    "ignoreBiome": false,
    "biomes": [
      "all",
      "-ocean",
      "-beach",
      "-swamp"
    ],
    "spawnWeight": 4,
    "dungeonWeight": 200,
    "spawnAreaLimit": 3,
    "spawnGroupMin": 1,
    "spawnGroupMax": 2,
    "spawnsInLight": false,
    "spawnsInDark": true,
    "worldDayMin": -1,
    "despawnNatural": true,
    "despawnForced": false
  },
  "width": 2.8,
  "height": 0.95,
  "experience": 10,
  "health": 20,
  "defense": 1,
  "armor": 0,
  "speed": 36,
  "damage": 2,
  "attackSpeed": 1,
  "rangedSpeed": 2,
  "effect": 5,
  "amplifier": 0,
  "pierce": 1,
  "sight": 32,
  "knockbackResistance": 0,
  "eggBackColor": "#5247ca",
  "eggForeColor": "#ccd6ec",
  "subspecies": [
    {
      "index": 1,
      "name": "light",
      "type": "uncommon"
    },
    {
      "index": 2,
      "name": "verdant",
      "type": "uncommon"
    }
  ],
  "element": "acid",
  "peaceful": false,
  "summonable": false,
  "tameable": true,
  "mountable": true,
  "summonCost": 4,
  "dungeonLevel": 2,
  "drops": [
    {
      "item": "minecraft:fish",
      "burningItem": "minecraft:cooked_fish",
      "minAmount": 1,
      "maxAmount": 5,
      "chance": 1
    },
    {
      "item": "minecraft:fish",
      "metadata": 1,
      "burningItem": "minecraft:cooked_fish",
      "burningMetadata": 1,
      "minAmount": 1,
      "maxAmount": 3,
      "chance": 0.5
    },
    {
      "item": "minecraft:prismarine_shard",
      "minAmount": 1,
      "maxAmount": 2,
      "chance": 1
    },
    {
      "item": "minecraft:prismarine_crystals",
      "minAmount": 1,
      "maxAmount": 1,
      "chance": 0.5
    },
    {
      "item": "minecraft:dye",
      "metadata": 4,
      "minAmount": 1,
      "maxAmount": 3,
      "chance": 1
    },
    {
      "item": "minecraft:diamond",
      "minAmount": 1,
      "maxAmount": 1,
      "chance": 0.25
    }
  ],
  "sizeScale": 1,
  "hitboxScale": 1
}