{
  "name": "manticore",
  "class": "com.lycanitesmobs.desertmobs.entity.EntityManticore",
  "loadDefault": true,
  "enabled": true,
  "spawning": {
    "enabled": true,
    "spawners": [
      "sky"
    ],
    "disableSubspecies": false,
    "dimensionIds": [
      -1,
      1
    ],
    "dimensionListType": "blacklist",
    "ignoreBiome": false,
    "biomes": [
      "sandy",
      "wasteland",
      "mesa",
      "-cold"
    ],
    "spawnWeight": 6,
    "dungeonWeight": 200,
    "spawnAreaLimit": 3,
    "spawnGroupMin": 1,
    "spawnGroupMax": 2,
    "spawnsInLight": false,
    "spawnsInDark": true,
    "worldDayMin": -1,
    "despawnNatural": true,
    "despawnForced": false
  },
  "width": 0.8,
  "height": 1.2,
  "experience": 5,
  "health": 10,
  "defense": 0,
  "armor": 0,
  "speed": 32,
  "damage": 3,
  "attackSpeed": 1,
  "rangedSpeed": 1,
  "effect": 5,
  "amplifier": 0,
  "pierce": 1,
  "sight": 16,
  "knockbackResistance": 0,
  "eggBackColor": "#442200",
  "eggForeColor": "#990000",
  "subspecies": [
    {
      "index": 1,
      "name": "golden",
      "type": "uncommon"
    },
    {
      "index": 2,
      "name": "scarlet",
      "type": "uncommon"
    }
  ],
  "elements": [
    "order",
    "quake"
  ],
  "peaceful": false,
  "summonable": true,
  "tameable": false,
  "mountable": false,
  "summonCost": 2,
  "dungeonLevel": 1,
  "drops": [
    {
      "item": "minecraft:leather",
      "minAmount": 1,
      "maxAmount": 2,
      "chance": 1
    },
    {
      "item": "minecraft:bone",
      "minAmount": 1,
      "maxAmount": 2,
      "chance": 1
    },
    {
      "item": "minecraft:iron_ore",
      "minAmount": 1,
      "maxAmount": 1,
      "chance": 0.5
    }
  ],
  "sizeScale": 1,
  "hitboxScale": 1
}