{
  "name": "skylus",
  "class": "com.lycanitesmobs.saltwatermobs.entity.EntitySkylus",
  "loadDefault": true,
  "enabled": true,
  "spawning": {
    "enabled": true,
    "spawners": [
      "water",
      "waterfloor"
    ],
    "disableSubspecies": false,
    "dimensionIds": [
      -1,
      1
    ],
    "dimensionListType": "blacklist",
    "ignoreBiome": false,
    "biomes": [
      "ocean",
      "beach"
    ],
    "spawnWeight": 6,
    "dungeonWeight": 200,
    "spawnAreaLimit": 5,
    "spawnGroupMin": 1,
    "spawnGroupMax": 3,
    "spawnsInLight": false,
    "spawnsInDark": true,
    "worldDayMin": -1,
    "despawnNatural": true,
    "despawnForced": false
  },
  "width": 1.5,
  "height": 1.6,
  "experience": 10,
  "health": 20,
  "defense": 1,
  "armor": 0,
  "speed": 16,
  "damage": 1,
  "attackSpeed": 1,
  "rangedSpeed": 1,
  "effect": 5,
  "amplifier": 0,
  "pierce": 1,
  "sight": 32,
  "knockbackResistance": 0.5,
  "eggBackColor": "#FFCCDD",
  "eggForeColor": "#BB2299",
  "subspecies": [
    {
      "index": 1,
      "name": "ashen",
      "type": "uncommon"
    },
    {
      "index": 2,
      "name": "scarlet",
      "type": "uncommon"
    }
  ],
  "element": "shadow",
  "peaceful": false,
  "summonable": true,
  "tameable": false,
  "mountable": false,
  "summonCost": 3,
  "dungeonLevel": 0,
  "drops": [
    {
      "item": "minecraft:dye",
      "minAmount": 1,
      "maxAmount": 5,
      "chance": 1
    },
    {
      "item": "minecraft:prismarine_shard",
      "minAmount": 1,
      "maxAmount": 2,
      "chance": 0.5
    },
    {
      "item": "minecraft:prismarine_crystals",
      "minAmount": 1,
      "maxAmount": 1,
      "chance": 0.125
    }
  ],
  "sizeScale": 1,
  "hitboxScale": 1
}